{"cameraMode":{"drawMode":0,"name":"Shaded","section":"Shading Mode"},"sceneLighting":true,"audioPlay":false,"sceneViewState":{"showFog":true,"showMaterialUpdate":false,"showSkybox":true,"showFlares":true,"showImageEffects":true,"showParticleSystems":true},"in2DMode":false,"pivot":{"x":-62.049835205078128,"y":122.53773498535156,"z":415.37811279296877},"rotation":{"x":0.020109187811613084,"y":0.9560059905052185,"z":-0.2847641408443451,"w":0.06751034408807755},"size":346.4118347167969,"orthographic":false}